itemid,shopid,name,myJSON_Id,image,currency,stock,status,ctime,sold,historical_sold,liked,liked_count,view_count,catid,brand,cmt_count,flag,cb_option,item_status,price,price_min,price_max,price_min_before_discount,price_max_before_discount,hidden_price_display,price_before_discount,has_lowest_price_guarantee,show_discount,raw_discount,discount,is_category_failed,size_chart,item_type,reference_item_id,transparent_background_image,is_adult,badge_icon_type,shopee_verified,is_official_shop,show_official_shop_label,show_shopee_verified_label,show_official_shop_label_in_title,is_cc_installment_payment_eligible,is_non_cc_installment_payment_eligible,coin_earn_label,show_free_shipping,preview_info,coin_info,exclusive_price_info,bundle_deal_id,can_use_bundle_deal,bundle_deal_info,is_group_buy_item,has_group_buy_stock,group_buy_info,welcome_package_type,welcome_package_info,can_use_wholesale,is_preferred_plus_seller,shop_location,has_model_with_available_shopee_stock,is_on_flash_sale,spl_installment_tenure,is_live_streaming_price,shop_name,shop_rating,is_mart,pack_size,overlay_image,autogen_title,autogen_title_id,overlay_id,is_service_by_shopee,flash_sale_stock,flash_sale_design_style,flash_sale_label_content,flash_sale_sold_percentage,info,data_type,key,count,adsid,campaignid,deduction_info,video_display_control,deep_discount_skin,relationship_label,live_stream_session,new_user_label,wp_eligibility,platform_voucher,rcmd_reason,highlight_video,can_use_cod,pub_id,pub_context_id,friend_relationship_label,showing_rs_label,showing_friend_rs_label,show_flash_sale_label,search_id,ext_info,product_banners,top_product_label,fashion_item,image_search,record_Id
13401467923,225359055,Zotac NVIDIA® GeForce® GTX 1050 Ti Mini 4GB Graphic Card,0,54dae3b225bcb84eab9ee6b1a0da3b5b,PHP,1,1,1630467058,7,135,false,463,,100644,,58,0,0,normal,1005000000,1005000000,1005000000,1249000000,1249000000,,1249000000,false,20,20,20%,,,0,,,false,0,false,true,true,false,true,false,false,,false,,,,0,false,,,,,0,,false,false,Quezon City, Metro Manila,false,false,,,NVIDIA GEFORCE,4.873263,false,,,,,,false,0,,,,,item,13401467923:225359055,0,0,0,,0,,,,false,,,,,false,,,,,,false,,,,,,,0
4759180106,225359055,Colorful GeForce® GTX 1650 New BattleAxe 4GD6-V GRRD6 Graphic Card,1,9f2d2b03930a7a3c5d6960a2e0440de2,PHP,8,1,1603693381,0,42,false,170,,100644,Colorful,21,0,0,normal,1120000000,1120000000,1120000000,1399000000,1399000000,,1399000000,false,20,20,20%,,,0,,,false,0,false,true,true,false,true,false,false,,false,,,,0,false,,,,,0,,false,false,Quezon City, Metro Manila,false,false,,,NVIDIA GEFORCE,4.873263,false,,,,,,false,0,,,,,item,4759180106:225359055,0,0,0,,0,,,,false,,,,,false,,,,,,false,,,,,,,0
12451529588,225359055,Gigabyte NVIDIA® GeForce® GTX 1650 OC Low Profile 4GB GDDR5 Graphic Card,2,1f10bf7c6f8a9176591ee3240e28c0a2,PHP,2,1,1637027685,1,9,false,79,,100644,,6,0,0,normal,1149000000,1149000000,1149000000,1499000000,1499000000,,1499000000,false,23,23,23%,,,0,,,false,0,false,true,true,false,true,false,false,,false,,,,0,false,,,,,0,,false,false,Quezon City, Metro Manila,false,false,,,NVIDIA GEFORCE,4.873263,false,,,,,,false,0,,,,,item,12451529588:225359055,0,0,0,,0,,,,false,,,,,false,,,,,,false,,,,,,,0
4735108380,225359055,NVIDIA® GeForce® Gaming PC: NVIDIA® GeForce RTX™ 3050 8GB with AMD Ryzen™ 5 5500 Gaming Set,3,sg-11134201-22100-pj2iwzdxvriv6b,PHP,1,1,1590330181,0,13,false,368,,100644,NVIDIA,11,0,0,normal,4799000000,4799000000,4799000000,5099000000,5099000000,,5099000000,false,6,6,6%,,,0,,,false,0,false,true,true,false,true,false,false,,false,,,,0,false,,,,,0,,false,false,Quezon City, Metro Manila,false,false,,,NVIDIA GEFORCE,4.873263,false,,,,,,false,0,,,,,item,4735108380:225359055,0,0,0,,0,,,,false,,,,,false,,,,,,false,,,,,,,0
6934615135,225359055,NVIDIA® GeForce® Gaming PC: NVIDIA® GeForce RTX™ 3060  12GB with AMD Ryzen™ 5 5600G Gaming Set,4,sg-11134201-22100-pbrtn040vrive5,PHP,1,1,1589891313,1,12,false,310,,100644,NVIDIA,8,0,0,normal,5399000000,5399000000,5399000000,5999000000,5999000000,,5999000000,true,10,10,10%,,,0,,,false,0,false,true,true,false,true,false,false,,false,,,,0,false,,,,,0,,false,false,Quezon City, Metro Manila,false,false,,,NVIDIA GEFORCE,4.873263,false,,,,,,false,0,,,,,item,6934615135:225359055,0,0,0,,0,,,,false,,,,,false,,,,,,false,,,,,,,0
8517178744,225359055,Asus NVIDIA® GeForce® GTX 1650 OC 4GB Graphic Card,5,f53db0df48cbb42ac3b30a7b600e60ee,PHP,2,1,1614052335,0,17,false,141,,100644,Asus,9,0,0,normal,1309000000,1309000000,1309000000,1399500000,1399500000,,1399500000,true,6,6,6%,,,0,,,false,0,false,true,true,false,true,false,false,,false,,,,0,false,,,,,0,,false,false,Quezon City, Metro Manila,false,false,,,NVIDIA GEFORCE,4.873263,false,,,,,,false,0,,,,,item,8517178744:225359055,0,0,0,,0,,,,false,,,,,false,,,,,,false,,,,,,,0
4436188104,225359055,Palit GeForce® GTX 1650 StormX Edition 4GB Graphic Card,6,ec855227710ddbaa07b14acb8d91d1b2,PHP,1,1,1591082753,4,9,false,51,,100644,Palit,4,0,0,normal,1015000000,1015000000,1015000000,1019000000,1019000000,,1019000000,false,1,1,1%,,,0,,,false,0,false,true,true,false,true,false,false,,false,,,,0,false,,,,,0,,false,false,Quezon City, Metro Manila,false,false,,,NVIDIA GEFORCE,4.873263,false,,,,,,false,0,,,,,item,4436188104:225359055,0,0,0,,0,,,,false,,,,,false,,,,,,false,,,,,,,0
13421325337,225359055,Asus TUF Gaming NVIDIA® GeForce RTX® 3070 Ti OC 8GB GDDR5X Graphic Card,7,sg-11134201-22100-dqy4vuchadiv5a,PHP,1,1,1633274843,0,3,false,38,,100644,,2,0,0,normal,4589000000,4589000000,4589000000,5499000000,5499000000,,5499000000,false,17,17,17%,,,0,,,false,0,false,true,true,false,true,false,false,,false,,,,0,false,,,,,0,,false,false,Quezon City, Metro Manila,false,false,,,NVIDIA GEFORCE,4.873263,false,,,,,,false,0,,,,,item,13421325337:225359055,0,0,0,,0,,,,false,,,,,false,,,,,,false,,,,,,,0
3240492092,225359055,NVIDIA® GeForce® Gaming PC: NVIDIA® GeForce RTX™ 3050 8GB with Intel i5-11400 Gaming Set,8,sg-11134201-22120-8gjoudsz0qkv50,PHP,1,1,1593586385,0,6,false,297,,100644,NVIDIA,4,0,0,normal,5099000000,5099000000,5099000000,7179500000,7179500000,,7179500000,false,29,29,29%,,,0,,,false,0,false,true,true,false,true,false,false,,false,,,,0,false,,,,,0,,false,false,Quezon City, Metro Manila,false,false,,,NVIDIA GEFORCE,4.873263,false,,,,,,false,0,,,,,item,3240492092:225359055,0,0,0,,0,,,,false,,,,,false,,,,,,false,,,,,,,0
13702108279,225359055,Inno3d NVIDIA® GeForce RTX® 3070 Ti iChill X4 8GB GDDR6X Graphic Card,9,sg-11134201-22120-nv7wa9p3bflv6b,PHP,1,1,1630554664,0,6,false,45,,100644,,3,0,0,normal,4539000000,4539000000,4539000000,7099000000,7099000000,,7099000000,false,36,36,36%,,,0,,,false,0,false,true,true,false,true,false,false,,false,,,,0,false,,,,,0,,false,false,Quezon City, Metro Manila,false,false,,,NVIDIA GEFORCE,4.873263,false,,,,,,false,0,,,,,item,13702108279:225359055,0,0,0,,0,,,,false,,,,,false,,,,,,false,,,,,,,0
3060128219,225359055,Inno3d NVIDIA® GeForce® GTX 1650 Twin X2 OC 4GB Graphic Card,10,eb2620d42a60d9bbfcdc911211d0c2b6,PHP,33,1,1623202623,31,77,false,219,,100644,,37,0,0,normal,955000000,955000000,955000000,1451900000,1451900000,,1451900000,true,34,34,34%,,,0,,,false,0,false,true,true,false,true,false,false,,false,,,,0,false,,,,,0,,false,false,Quezon City, Metro Manila,false,false,,,NVIDIA GEFORCE,4.873263,false,,,,,,false,0,,,,,item,3060128219:225359055,0,0,0,,0,,,,false,,,,,false,,,,,,false,,,,,,,0
13509248512,225359055,Gigabyte GeForce® GTX 1650 D6 4GB Graphic Card,11,sg-11134201-22100-ue59fzjokbiv87,PHP,5,1,1631588381,0,4,false,88,,100644,,2,0,0,normal,1199000000,1199000000,1199000000,1499000000,1499000000,,1499000000,false,20,20,20%,,,0,,,false,0,false,true,true,false,true,false,false,,false,,,,0,false,,,,,0,,false,false,Quezon City, Metro Manila,false,false,,,NVIDIA GEFORCE,4.873263,false,,,,,,false,0,,,,,item,13509248512:225359055,0,0,0,,0,,,,false,,,,,false,,,,,,false,,,,,,,0
12725262020,225359055,Inno3d NVIDIA® GeForce RTX® 3060 Twin X2 OC 12GB GDDR6 Graphic Card,12,sg-11134201-22100-dy9k328839hva0,PHP,2,1,1633788254,0,4,false,122,,100644,,2,0,0,normal,2385000000,2385000000,2385000000,3999000000,3999000000,,3999000000,false,40,40,40%,,,0,,,false,0,false,true,true,false,true,false,false,,false,,,,0,false,,,,,0,,false,false,Quezon City, Metro Manila,false,false,,,NVIDIA GEFORCE,4.873263,false,,,,,,false,0,,,,,item,12725262020:225359055,0,0,0,,0,,,,false,,,,,false,,,,,,false,,,,,,,0
12142048127,225359055,Asus TUF Gaming NVIDIA® GeForce RTX™ 3070 OC V2 8GB GDDR6 Graphic Card,13,d358c97f78b66d0bcdc08726488719ab,PHP,1,1,1635907177,0,2,false,8,,100644,,2,0,0,normal,4449000000,4449000000,4449000000,5799500000,5799500000,,5799500000,false,23,23,23%,,,0,,,false,0,false,true,true,false,true,false,false,,false,,,,0,false,,,,,0,,false,false,Quezon City, Metro Manila,false,false,,,NVIDIA GEFORCE,4.873263,false,,,,,,false,0,,,,,item,12142048127:225359055,0,0,0,,0,,,,false,,,,,false,,,,,,false,,,,,,,0
8247016963,225359055,ACER LK-8103A Predator Gaming Chair P/N:ZC.A01SP.020,14,2f4514586ad47446bb125344a8adedc3,PHP,1,1,1619166883,0,3,false,18,,100636,Acer,1,0,0,normal,3500000000,3500000000,3500000000,-1,-1,,0,false,0,0,,,,0,,,false,0,false,true,true,false,true,false,false,,false,,,,0,false,,,,,0,,false,false,Quezon City, Metro Manila,false,false,,,NVIDIA GEFORCE,4.873263,false,,,,,,false,0,,,,,item,8247016963:225359055,0,0,0,,0,,,,false,,,,,false,,,,,,false,,,,,,,0
12657117499,225359055,Asus TUF Gaming F15 FX506HEB-HN236T NVIDIA® GeForce RTX® 3050 Ti 4GB with Intel Core i7-11800H,15,588c841e3fffc8a0101f66b749b7da8b,PHP,1,1,1638510027,0,0,false,29,,100644,,0,0,0,normal,6779000000,6779000000,6779000000,7499500000,7499500000,,7499500000,false,10,10,10%,,,0,,,false,0,false,true,true,false,true,false,false,,false,,,,0,false,,,,,0,,false,false,Quezon City, Metro Manila,false,false,,,NVIDIA GEFORCE,4.873263,false,,,,,,false,0,,,,,item,12657117499:225359055,0,0,0,,0,,,,false,,,,,false,,,,,,false,,,,,,,0
11676670339,225359055,HP Omen 16-B0143TX NVIDIA® GeForce® RTX 3060 6GB with Intel Core i5-11400H Gaming Laptop,16,8e68f5b47aab4fdd209b01ffae562829,PHP,1,1,1639018356,0,0,false,25,,100644,,0,0,0,normal,7300000000,7300000000,7300000000,7999000000,7999000000,,7999000000,false,9,9,9%,,,0,,,false,0,false,true,true,false,true,false,false,,false,,,,0,false,,,,,0,,false,false,Quezon City, Metro Manila,false,false,,,NVIDIA GEFORCE,4.873263,false,,,,,,false,0,,,,,item,11676670339:225359055,0,0,0,,0,,,,false,,,,,false,,,,,,false,,,,,,,0
12231557218,225359055,MSI GF66 KATANA 11UC-827PH NVIDIA® GeForce RTX® 3050 4GBB with Intel i7-11800H Gaming Laptop,17,sg-11134201-22100-x0exnmly69hv79,PHP,1,1,1634627546,0,1,false,57,,100644,,0,0,0,normal,6399000000,6399000000,6399000000,6999000000,6999000000,,6999000000,false,9,9,9%,,,0,,,false,0,false,true,true,false,true,false,false,,false,,,,0,false,,,,,0,,false,false,Quezon City, Metro Manila,false,false,,,NVIDIA GEFORCE,4.873263,false,,,,,,false,0,,,,,item,12231557218:225359055,0,0,0,,0,,,,false,,,,,false,,,,,,false,,,,,,,0
8114297796,225359055,Zotac Gaming NVIDIA® GeForce® RTX™ 3060 Ti Twin Edge 8gb with LHR Graphic Card,18,da6b0d5d98959473807f460f7eeb4f90,PHP,8,1,1612770824,0,1,false,10,,100644,Zotac,0,0,0,normal,2599900000,2599900000,2599900000,3859500000,3859500000,,3859500000,false,33,33,33%,,,0,,,false,0,false,true,true,false,true,false,false,,false,,,,0,false,,,,,0,,false,false,Quezon City, Metro Manila,false,false,,,NVIDIA GEFORCE,4.873263,false,,,,,,false,0,,,,,item,8114297796:225359055,0,0,0,,0,,,,false,,,,,false,,,,,,false,,,,,,,0
15046887254,225359055,Asus ROG STRIX G15 G513QE-HN157T NVIDIA® GeForce RTX™ 3050 Ti 4GB with AMD Ryzen 9 5900HX,19,sg-11134201-22100-wlweifmpurivcd,PHP,1,1,1643183824,0,0,false,150,,100644,,0,0,0,normal,7659000000,7659000000,7659000000,8499500000,8499500000,,8499500000,false,10,10,10%,,,0,,,false,0,false,true,true,false,true,false,false,,false,,,,0,false,,,,,0,,false,false,Quezon City, Metro Manila,false,false,,,NVIDIA GEFORCE,4.873263,false,,,,,,false,0,,,,,item,15046887254:225359055,0,0,0,,0,,,,false,,,,,false,,,,,,false,,,,,,,0
14651875268,225359055,Asus ROG Strix  NVIDIA® GeForce RTX® 3050 OC Edition 8GB GDDR6 Graphic Card,20,4404a937fd2531d661709abdb1852742,PHP,4,1,1644806898,5,21,false,266,,100644,,11,0,0,normal,2329000000,2329000000,2329000000,2742000000,2742000000,,2742000000,false,15,15,15%,,,0,,,false,0,false,true,true,false,true,false,false,,false,,,,0,false,,,,,0,,false,false,Quezon City, Metro Manila,false,false,,,NVIDIA GEFORCE,4.873263,false,,,,,,false,0,,,,,item,14651875268:225359055,0,0,0,,0,,,,false,,,,,false,,,,,,false,,,,,,,0
15551872255,225359055,Asus Phoenix NVIDIA® GeForce RTX® 3050 8GB GDDR6 Graphic Card,21,sg-11134201-22100-gtvua63t49hvd9,PHP,4,1,1644805872,1,19,false,345,,100644,,11,0,0,normal,1859000000,1859000000,1859000000,1866000000,1866000000,,1866000000,false,1,1,1%,,,0,,,false,0,false,true,true,false,true,false,false,,false,,,,0,false,,,,,0,,false,false,Quezon City, Metro Manila,false,false,,,NVIDIA GEFORCE,4.873263,false,,,,,,false,0,,,,,item,15551872255:225359055,0,0,0,,0,,,,false,,,,,false,,,,,,false,,,,,,,0
15342645992,225359055,Colorful iGame NVIDIA® GeForce RTX™ 3070 Advanced OC LHR-V 8GB Graphic Card,22,564c41c0e90689805533094262413147,PHP,1,1,1642661336,1,2,false,31,,100644,,1,0,0,normal,3479000000,3479000000,3479000000,4899500000,4899500000,,4899500000,false,29,29,29%,,,0,,,false,0,false,true,true,false,true,false,false,,false,,,,0,false,,,,,0,,false,false,Quezon City, Metro Manila,false,false,,,NVIDIA GEFORCE,4.873263,false,,,,,,false,0,,,,,item,15342645992:225359055,0,0,0,,0,,,,false,,,,,false,,,,,,false,,,,,,,0
11788765886,225359055,Zotac Gaming NVIDIA® GeForce RTX® 3050 Twin Edge OC 8GB Graphic Card,23,62be880713128dc4609d2be7fe647d16,PHP,29,1,1646196716,0,7,false,125,,100644,,4,0,0,normal,1729900000,1729900000,1729900000,2299000000,2299000000,,2299000000,false,25,25,25%,,,0,,,false,0,false,true,true,false,true,false,false,,false,,,,0,false,,,,,0,,false,false,Quezon City, Metro Manila,false,false,,,NVIDIA GEFORCE,4.873263,false,,,,,,false,0,,,,,item,11788765886:225359055,0,0,0,,0,,,,false,,,,,false,,,,,,false,,,,,,,0
13796699734,225359055,Free Bundle Gift - A4Tech OP620D 2x Click Optical USB and Mouse Pad with Design,24,sg-11134201-22090-9iqxe7bn3yhv4c,PHP,8,1,1664260833,22,53,false,6,,100644,,27,196608,0,normal,100000000,100000000,100000000,-1,-1,,0,false,0,0,,,,0,,,false,0,false,true,true,false,true,false,false,,false,,,,0,false,,,,,0,,false,false,Quezon City, Metro Manila,false,false,,,NVIDIA GEFORCE,4.873263,false,,,,,,false,0,,,,,item,13796699734:225359055,0,0,0,,0,,,,false,,,,,true,,,,,,false,,,,,,,0
15692287441,225359055,Galax NVIDIA® GeForce® GTX 1660 SUPER™ (1-Click OC) 6GB GDDR6 192-bit DP/HDMI/DVI-D Graphic Card,25,e220315604b79354e2956e2c6055aae6,PHP,1,1,1662355582,12,26,false,150,,100644,,11,196608,0,normal,1405000000,1405000000,1405000000,1699000000,1699000000,,1699000000,false,17,17,17%,,,0,,,false,0,false,true,true,false,true,false,false,,false,,,,0,false,,,,,0,,false,false,Quezon City, Metro Manila,false,false,,,NVIDIA GEFORCE,4.873263,false,,,,,,false,0,,,,,item,15692287441:225359055,0,0,0,,0,,,,false,,,,,true,,,,,,false,,,,,,,0
14513502969,225359055,Asus TUF Gaming A15 FA506ICB-HN120W NVIDIA® GeForce® RTX™3050 4GB with AMD Ryzen™ 7 4800H Laptop,26,sg-11134201-22100-7v0ljzb2uvivc7,PHP,3,1,1638844926,8,11,false,161,,100644,,6,0,0,normal,4819000000,4819000000,4819000000,6899500000,6899500000,,6899500000,false,30,30,30%,,,0,,,false,0,false,true,true,false,true,false,false,,false,,,,0,false,,,,,0,,false,false,Quezon City, Metro Manila,false,false,,,NVIDIA GEFORCE,4.873263,false,,,,,,false,0,,,,,item,14513502969:225359055,0,0,0,,0,,,,false,,,,,false,,,,,,false,,,,,,,0
19453530003,225359055,Colorful NVIDIA® GeForce RTX® 2060 NB 12G-V 12GB GDDR6 Graphic Card,27,912e2d54f529054e805cd6910c27f68f,PHP,5,1,1665399199,5,9,false,40,,100644,,6,196608,0,normal,1919000000,1919000000,1919000000,2499000000,2499000000,,2499000000,false,23,23,23%,,,0,,,false,0,false,true,true,false,true,false,false,,false,,,,0,false,,,,,0,,false,false,Quezon City, Metro Manila,false,false,,,NVIDIA GEFORCE,4.873263,false,,,,,,false,0,,,,,item,19453530003:225359055,0,0,0,,0,,,,false,,,,,true,,,,,,false,,,,,,,0
23109262139,225359055,Zotac NVIDIA® GeForce® 1650 AMP Core 4GB GDDR6 Graphic Card,28,sg-11134201-22120-fzaw4pyqmqkv13,PHP,7,1,1670287634,3,3,false,42,,100644,,3,196608,0,normal,899900000,899900000,899900000,1499000000,1499000000,,1499000000,false,40,40,40%,,,0,,,false,0,false,true,true,false,true,false,false,,false,,,,0,false,,,,,0,,false,false,Quezon City, Metro Manila,false,false,,,NVIDIA GEFORCE,4.873263,false,,,,,,false,0,,,,,item,23109262139:225359055,0,0,0,,0,,,,false,,,,,true,,,,,,false,,,,,,,0
20747315336,225359055,Acer Aspire 7 A715-42G-R5C5 NVIDIA® GeForce RTX® 3050 4GB with AMD Ryzen 5 5500U Laptop,29,10bd944712eb4b0e100df321eb105632,PHP,1,1,1663579179,3,17,false,306,,100644,,13,196608,0,normal,4149000000,4149000000,4149000000,4699900000,4699900000,,4699900000,false,12,12,12%,,,0,,,false,0,false,true,true,false,true,false,false,,false,,,,0,false,,,,,0,,false,false,Quezon City, Metro Manila,false,false,,,NVIDIA GEFORCE,4.873263,false,,,,,,false,0,,,,,item,20747315336:225359055,0,0,0,,0,,,,false,,,,,true,,,,,,false,,,,,,,0
18838890751,225359055,Galax NVIDIA® GeForce RTX® 3050 EX (1-Click OC Feature) 8GB LHR GDDR6 Graphic Card,30,f8ee4d0f4b06437f7a2bfc5541c16d2d,PHP,1,1,1661501859,3,3,false,50,,100644,,1,196608,0,normal,1855000000,1855000000,1855000000,2599000000,2599000000,,2599000000,false,29,29,29%,,,0,,,false,0,false,true,true,false,true,false,false,,false,,,,0,false,,,,,0,,false,false,Quezon City, Metro Manila,false,false,,,NVIDIA GEFORCE,4.873263,false,,,,,,false,0,,,,,item,18838890751:225359055,0,0,0,,0,,,,false,,,,,true,,,,,,false,,,,,,,0
16472339386,225359055,Free Bundle Galax Gaming Mouse (SLD-01) 7200DPI/ RGB/ 8 Programmable Macro Keys,31,fd043f5ef3d0331fe0df496320a694b4,PHP,1,1,1654165384,3,14,false,4,,100644,,7,0,0,normal,500000000,500000000,500000000,-1,-1,,0,false,0,0,,,,0,,,false,0,false,true,true,false,true,false,false,,false,,,,0,false,,,,,0,,false,false,Quezon City, Metro Manila,false,false,,,NVIDIA GEFORCE,4.873263,false,,,,,,false,0,,,,,item,16472339386:225359055,0,0,0,,0,,,,false,,,,,false,,,,,,false,,,,,,,0
16029376105,225359055,Zotac Gaming NVIDIA® GeForce® RTX 3060 Twin Edge 12GB Graphic Card,32,sg-11134201-22120-vbbxzopunqkv5b,PHP,11,1,1647933546,3,5,false,73,,100644,,3,0,0,normal,2199900000,2199900000,2199900000,3499000000,3499000000,,3499000000,false,37,37,37%,,,0,,,false,0,false,true,true,false,true,false,false,,false,,,,0,false,,,,,0,,false,false,Quezon City, Metro Manila,false,false,,,NVIDIA GEFORCE,4.873263,false,,,,,,false,0,,,,,item,16029376105:225359055,0,0,0,,0,,,,false,,,,,false,,,,,,false,,,,,,,0
12496274383,225359055,MSI NVIDIA® GeForce RTX® 3050 Ventus 2X 8G OC GDDR6 Graphic Card,33,sg-11134201-22120-zv9irj0y8elv0f,PHP,2,1,1662518802,2,22,false,141,,100644,,12,196608,0,normal,1969000000,1969000000,1969000000,2099000000,2099000000,,2099000000,false,6,6,6%,,,0,,,false,0,false,true,true,false,true,false,false,,false,,,,0,false,,,,,0,,false,false,Quezon City, Metro Manila,false,false,,,NVIDIA GEFORCE,4.873263,false,,,,,,false,0,,,,,item,12496274383:225359055,0,0,0,,0,,,,false,,,,,true,,,,,,false,,,,,,,0
21360057609,225359055,Free - Not for Sale - LENOVO H100 IdeaPad Gaming Headset,34,sg-11134201-22110-fu0yecdnahjvc9,PHP,4,1,1667543198,1,1,false,2,,100535,,0,196608,0,normal,500000000,500000000,500000000,-1,-1,,0,false,0,0,,,,0,,,false,0,false,true,true,false,true,false,false,,false,,,,0,false,,,,,0,,false,false,Quezon City, Metro Manila,false,false,,,NVIDIA GEFORCE,4.873263,false,,,,,,false,0,,,,,item,21360057609:225359055,0,0,0,,0,,,,false,,,,,true,,,,,,false,,,,,,,0
21249867036,225359055,HP Victus 15-FB0037AX NVIDIA® GeForce® GTX 1650 4GB with AMD Ryzen 5 5600H Gaming Laptop (White),35,5375cda8644f233224feaf7879196efa,PHP,1,1,1664263167,1,4,false,150,,100644,,1,196608,0,normal,4449000000,4449000000,4449000000,5299000000,5299000000,,5299000000,false,16,16,16%,,,0,,,false,0,false,true,true,false,true,false,false,,false,,,,0,false,,,,,0,,false,false,Quezon City, Metro Manila,false,false,,,NVIDIA GEFORCE,4.873263,false,,,,,,false,0,,,,,item,21249867036:225359055,0,0,0,,0,,,,false,,,,,true,,,,,,false,,,,,,,0
21161179475,225359055,Free - Not for Sale - HP 428K7AA WD 3.5mm ST Headset,36,sg-11134201-22110-daed63c4gojvb2,PHP,7,1,1667977753,1,3,false,1,,100535,,1,196608,0,normal,200000000,200000000,200000000,-1,-1,,0,false,0,0,,,,0,,,false,0,false,true,true,false,true,false,false,,false,,,,0,false,,,,,0,,false,false,Quezon City, Metro Manila,false,false,,,NVIDIA GEFORCE,4.873263,false,,,,,,false,0,,,,,item,21161179475:225359055,0,0,0,,0,,,,false,,,,,true,,,,,,false,,,,,,,0
20937227387,225359055,Coolermaster CM RR-2V2L-18PA-R1 Hyper 212 ARGB CPU Cooler - Free Gift Not for Sale,37,e1350e96268e7bccbc1a4112b8bf8208,PHP,1,1,1661159844,0,1,false,0,,100644,,0,196608,0,normal,999900000,999900000,999900000,-1,-1,,0,false,0,0,,,,0,,,false,0,false,true,true,false,true,false,false,,false,,,,0,false,,,,,0,,false,false,Quezon City, Metro Manila,false,false,,,NVIDIA GEFORCE,4.873263,false,,,,,,false,0,,,,,item,20937227387:225359055,0,0,0,,0,,,,false,,,,,true,,,,,,false,,,,,,,0
20117300675,225359055,Colorful NVIDIA® GeForce RTX® 3060 NB DUO 12G V2 L-V 12GB Graphic Card,38,sg-11134201-22120-oahyzvcs7elv6f,PHP,15,1,1656515516,0,1,false,56,,100644,,1,0,0,normal,2529000000,2529000000,2529000000,3999000000,3999000000,,3999000000,false,37,37,37%,,,0,,,false,0,false,true,true,false,true,false,false,,false,,,,0,false,,,,,0,,false,false,Quezon City, Metro Manila,false,false,,,NVIDIA GEFORCE,4.873263,false,,,,,,false,0,,,,,item,20117300675:225359055,0,0,0,,0,,,,false,,,,,false,,,,,,false,,,,,,,0
20061179983,225359055,Free - Not for Sale - LENOVO Legion Jacket,39,sg-11134201-22110-lkrgvvqxgojvff,PHP,4,1,1667977500,1,1,false,0,,100011,,0,196608,0,normal,500000000,500000000,500000000,-1,-1,,0,false,0,0,,,,0,,,false,0,false,true,true,false,true,false,false,,false,,,,0,false,,,,,0,,false,false,Quezon City, Metro Manila,false,false,,,NVIDIA GEFORCE,4.873263,false,,,,,,false,0,,,,,item,20061179983:225359055,0,0,0,,0,,,,false,,,,,true,,,,,,false,,,,,,,0
19661136095,225359055,Free - Not for Sale - OMEN by HP Mindframe Prime Headset,40,sg-11134201-22110-p8brgpa9aojv18,PHP,1,1,1667968008,1,1,false,1,,100535,,0,196608,0,normal,500000000,500000000,500000000,-1,-1,,0,false,0,0,,,,0,,,false,0,false,true,true,false,true,false,false,,false,,,,0,false,,,,,0,,false,false,Quezon City, Metro Manila,false,false,,,NVIDIA GEFORCE,4.873263,false,,,,,,false,0,,,,,item,19661136095:225359055,0,0,0,,0,,,,false,,,,,true,,,,,,false,,,,,,,0
19653232615,225359055,Acer Nitro 5 AN515-57-90SF NVIDIA® GeForce RTX® 3060 6GB with Intel Core i9-11900H Gaming Laptop,41,sg-11134201-22100-19wtdo0eagiv6a,PHP,2,1,1665303223,1,6,false,47,,100644,,5,196608,0,normal,7449000000,7449000000,7449000000,8499900000,8499900000,,8499900000,false,12,12,12%,,,0,,,false,0,false,true,true,false,true,false,false,,false,,,,0,false,,,,,0,,false,false,Quezon City, Metro Manila,false,false,,,NVIDIA GEFORCE,4.873263,false,,,,,,false,0,,,,,item,19653232615:225359055,0,0,0,,0,,,,false,,,,,true,,,,,,false,,,,,,,0
18752683697,225359055,Asus TUF Gaming F15 FX506HC-HN083W NVIDIA® GeForce RTX® 3050 4GB with Intel Core i5 11400H Laptop,42,sg-11134201-22100-tiv99fz8edivbd,PHP,8,1,1665129558,1,5,false,88,,100644,,0,196608,0,normal,4900000000,4900000000,4900000000,6199500000,6199500000,,6199500000,false,21,21,21%,,,0,,,false,0,false,true,true,false,true,false,false,,false,,,,0,false,,,,,0,,false,false,Quezon City, Metro Manila,false,false,,,NVIDIA GEFORCE,4.873263,false,,,,,,false,0,,,,,item,18752683697:225359055,0,0,0,,0,,,,false,,,,,true,,,,,,false,,,,,,,0
18748438664,225359055,Inno3d NVIDIA® GeForce® GTX 1630 Twin X2 OC 4GB GDDR6 Graphic Card,43,31048700c877501c2f7f89be5cf319c4,PHP,24,1,1663836785,0,1,false,19,,100644,,1,196608,0,normal,909000000,909000000,909000000,1099000000,1099000000,,1099000000,false,17,17,17%,,,0,,,false,0,false,true,true,false,true,false,false,,false,,,,0,false,,,,,0,,false,false,Quezon City, Metro Manila,false,false,,,NVIDIA GEFORCE,4.873263,false,,,,,,false,0,,,,,item,18748438664:225359055,0,0,0,,0,,,,false,,,,,true,,,,,,false,,,,,,,0
18652689176,225359055,Asus TUF DASH F15 FX517ZC-HN032W NVIDIA® GeForce RTX® 3050 4GB with Intel Core i5-12450H Laptop,44,2dea30d008d192aafbbf524531b2de63,PHP,1,1,1665130451,1,1,false,37,,100644,,0,196608,0,normal,5439000000,5439000000,5439000000,6499500000,6499500000,,6499500000,false,16,16,16%,,,0,,,false,0,false,true,true,false,true,false,false,,false,,,,0,false,,,,,0,,false,false,Quezon City, Metro Manila,false,false,,,NVIDIA GEFORCE,4.873263,false,,,,,,false,0,,,,,item,18652689176:225359055,0,0,0,,0,,,,false,,,,,true,,,,,,false,,,,,,,0
17384309672,225359055,Palit NVIDIA® GeForce® GTX 1630 Dual 4GB GDDR6 64BIT Graphic Card,45,aed057604eb96153984de5d241f4c035,PHP,8,1,1662357020,1,1,false,24,,100644,,0,0,0,normal,930000000,930000000,930000000,1299000000,1299000000,,1299000000,false,28,28,28%,,,0,,,false,0,false,true,true,false,true,false,false,,false,,,,0,false,,,,,0,,false,false,Quezon City, Metro Manila,false,false,,,NVIDIA GEFORCE,4.873263,false,,,,,,false,0,,,,,item,17384309672:225359055,0,0,0,,0,,,,false,,,,,true,,,,,,false,,,,,,,0
13085954453,225359055,Gigabyte NVIDIA® GeForce® RTX 3050 Gaming OC 8GB GDDR6 Graphic Card,46,4aff29e29d24de34c5dd75799cf7364a,PHP,1,1,1649142088,0,6,false,87,,100644,,3,0,0,normal,1945000000,1945000000,1945000000,2589000000,2589000000,,2589000000,false,25,25,25%,,,0,,,false,0,false,true,true,false,true,false,false,,false,,,,0,false,,,,,0,,false,false,Quezon City, Metro Manila,false,false,,,NVIDIA GEFORCE,4.873263,false,,,,,,false,0,,,,,item,13085954453:225359055,0,0,0,,0,,,,false,,,,,false,,,,,,false,,,,,,,0
22503878444,225359055,Acer Nitro 5 AN515-58-55LG NVIDIA® GeForce® RTX™ 3050 Ti with Intel® Core i5-12500H Gaming Laptop,47,sg-11134201-22110-sfqfjp9hhhjvf4,PHP,2,1,1667554680,0,0,false,22,,100644,,0,196608,0,normal,5599000000,5599000000,5599000000,5999500000,5999500000,,5999500000,false,7,7,7%,,,0,,,false,0,false,true,true,false,true,false,false,,false,,,,0,false,,,,,0,,false,false,Quezon City, Metro Manila,false,false,,,NVIDIA GEFORCE,4.873263,false,,,,,,false,0,,,,,item,22503878444:225359055,0,0,0,,0,,,,false,,,,,true,,,,,,false,,,,,,,0
21964398557,225359055,Galax NVIDIA® GeForce RTX® 2060 12GB Plus (1-Click OC Feature) 12GB GDDR6 192-bit Graphic Card,48,sg-11134201-22120-6zfsvz9xdflveb,PHP,1,1,1669182973,0,0,false,8,,100644,,0,196608,0,normal,1919000000,1919000000,1919000000,2999000000,2999000000,,2999000000,false,36,36,36%,,,0,,,false,0,false,true,true,false,true,false,false,,false,,,,0,false,,,,,0,,false,false,Quezon City, Metro Manila,false,false,,,NVIDIA GEFORCE,4.873263,false,,,,,,false,0,,,,,item,21964398557:225359055,0,0,0,,0,,,,false,,,,,true,,,,,,false,,,,,,,0
21553196054,225359055,Lenovo IdeaPad Gaming 3i 15IAH7 NVIDIA® GeForce RTX® 3050 4GB with Intel Core i5-12500H Laptop,49,05098902ba03b5a64ca2fa22bdb7e59e,PHP,1,1,1665295704,0,0,false,11,,100644,,0,196608,0,normal,5839000000,5839000000,5839000000,6499500000,6499500000,,6499500000,false,10,10,10%,,,0,,,false,0,false,true,true,false,true,false,false,,false,,,,0,false,,,,,0,,false,false,Quezon City, Metro Manila,false,false,,,NVIDIA GEFORCE,4.873263,false,,,,,,false,0,,,,,item,21553196054:225359055,0,0,0,,0,,,,false,,,,,true,,,,,,false,,,,,,,0
21454320177,225359055,MSI NVIDIA® GeForce RTX™ 3070 VENTUS 2X 8GB GDDR6 OC LHR Graphic Card,50,sg-11134201-22100-hdrkfd3657ivc2,PHP,1,1,1665634293,0,0,false,18,,100644,,0,196608,0,normal,3400000000,3400000000,3400000000,4599000000,4599000000,,4599000000,false,26,26,26%,,,0,,,false,0,false,true,true,false,true,false,false,,false,,,,0,false,,,,,0,,false,false,Quezon City, Metro Manila,false,false,,,NVIDIA GEFORCE,4.873263,false,,,,,,false,0,,,,,item,21454320177:225359055,0,0,0,,0,,,,false,,,,,true,,,,,,false,,,,,,,0
21453220660,225359055,Acer Predator Helios 300 PH315-55-54RF NVIDIA® GeForce RTX® 3060 6GB with Intel Core i5-12500H,51,sg-11134201-22100-5begec969fiv68,PHP,1,1,1665300977,0,0,false,31,,100644,,0,196608,0,normal,8039000000,8039000000,8039000000,8999000000,8999000000,,8999000000,false,11,11,11%,,,0,,,false,0,false,true,true,false,true,false,false,,false,,,,0,false,,,,,0,,false,false,Quezon City, Metro Manila,false,false,,,NVIDIA GEFORCE,4.873263,false,,,,,,false,0,,,,,item,21453220660:225359055,0,0,0,,0,,,,false,,,,,true,,,,,,false,,,,,,,0
21322113536,225359055,NVIDIA® GeForce® Gaming PC: NVIDIA® GeForce RTX™ 3060 12GB with Intel Core I5-10600K Desktop,52,sg-11134201-22120-5bijvayx6qkv56,PHP,1,1,1657512994,0,0,false,73,,100644,,0,0,0,normal,6199000000,6199000000,6199000000,7469500000,7469500000,,7469500000,false,17,17,17%,,,0,,,false,0,false,true,true,false,true,false,false,,false,,,,0,false,,,,,0,,false,false,Quezon City, Metro Manila,false,false,,,NVIDIA GEFORCE,4.873263,false,,,,,,false,0,,,,,item,21322113536:225359055,0,0,0,,0,,,,false,,,,,false,,,,,,false,,,,,,,0
21243642517,225359055,ASUS TUF Gaming NVIDIA® GeForce RTX® 3050 OC Edition 8GB GDDR6 Graphic Card,53,sg-11134201-22100-6riiz3asddiv9a,PHP,3,1,1662621478,0,0,false,20,,100644,,0,196608,0,normal,2185000000,2185000000,2185000000,3099000000,3099000000,,3099000000,false,29,29,29%,,,0,,,false,0,false,true,true,false,true,false,false,,false,,,,0,false,,,,,0,,false,false,Quezon City, Metro Manila,false,false,,,NVIDIA GEFORCE,4.873263,false,,,,,,false,0,,,,,item,21243642517:225359055,0,0,0,,0,,,,false,,,,,true,,,,,,false,,,,,,,0
21149845470,225359055,HP Victus 15-FB0035AX NVIDIA® GeForce RTX® 3050 4GB with AMD Ryzen 5 5600H Gaming Laptop,54,5c5763f3af4e375e426c0bb54946cc25,PHP,2,1,1664259837,0,0,false,45,,100644,,0,196608,0,normal,4909000000,4909000000,4909000000,5099000000,5099000000,,5099000000,false,4,4,4%,,,0,,,false,0,false,true,true,false,true,false,false,,false,,,,0,false,,,,,0,,false,false,Quezon City, Metro Manila,false,false,,,NVIDIA GEFORCE,4.873263,false,,,,,,false,0,,,,,item,21149845470:225359055,0,0,0,,0,,,,false,,,,,true,,,,,,false,,,,,,,0
21055772322,225359055,MSI NVIDIA® GeForce RTX® 3080 Ti GAMING X TRIO 12GB GDDR6X Graphic Card,55,sg-11134201-22120-cmjnszmgbflv9f,PHP,1,1,1666146197,0,0,false,14,,100644,,0,196608,0,normal,6899000000,6899000000,6899000000,8099000000,8099000000,,8099000000,false,15,15,15%,,,0,,,false,0,false,true,true,false,true,false,false,,false,,,,0,false,,,,,0,,false,false,Quezon City, Metro Manila,false,false,,,NVIDIA GEFORCE,4.873263,false,,,,,,false,0,,,,,item,21055772322:225359055,0,0,0,,0,,,,false,,,,,true,,,,,,false,,,,,,,0
20860090960,225359055,Lenovo IdeaPad Gaming 3 15ACH6 NVIDIA® GeForce RTX™ 3060 6GB with AMD Ryzen 7 5800H Laptop,56,sg-11134201-22110-o4clt7xrehjv2b,PHP,1,1,1667550193,0,0,false,11,,100644,,0,196608,0,normal,6529000000,6529000000,6529000000,6999000000,6999000000,,6999000000,false,7,7,7%,,,0,,,false,0,false,true,true,false,true,false,false,,false,,,,0,false,,,,,0,,false,false,Quezon City, Metro Manila,false,false,,,NVIDIA GEFORCE,4.873263,false,,,,,,false,0,,,,,item,20860090960:225359055,0,0,0,,0,,,,false,,,,,true,,,,,,false,,,,,,,0
20768599266,225359055,Asus TUF Gaming A15 FA506QM-HN076W NVIDIA® GeForce RTX® 3060 6GB with AMD Ryzen 7- 5800H,57,sg-11134201-22120-gcuw0jxtg3kvba,PHP,1,1,1671009070,0,0,false,5,,100644,,0,196608,0,normal,6544600000,6544600000,6544600000,7699500000,7699500000,,7699500000,false,15,15,15%,,,0,,,false,0,false,true,true,false,true,false,false,,false,,,,0,false,,,,,0,,false,false,Quezon City, Metro Manila,false,false,,,NVIDIA GEFORCE,4.873263,false,,,,,,false,0,,,,,item,20768599266:225359055,0,0,0,,0,,,,false,,,,,true,,,,,,false,,,,,,,0
20653167125,225359055,Asus TUF Dash F15 (2022) FX517ZE-HN030W NVIDIA® GeForce RTX® 3050 Ti 4GB with Intel Core  i5-12450H,58,sg-11134201-22100-diwsfqw31fiv9c,PHP,1,1,1665287373,0,1,false,21,,100644,,0,196608,0,normal,6059000000,6059000000,6059000000,6599500000,6599500000,,6599500000,false,8,8,8%,,,0,,,false,0,false,true,true,false,true,false,false,,false,,,,0,false,,,,,0,,false,false,Quezon City, Metro Manila,false,false,,,NVIDIA GEFORCE,4.873263,false,,,,,,false,0,,,,,item,20653167125:225359055,0,0,0,,0,,,,false,,,,,true,,,,,,false,,,,,,,0
20560703268,225359055,NVIDIA® GeForce® Gaming PC: GeForce® GTX 1050 Ti with Intel I3-10100F Gaming Desktop,59,sg-11134201-22110-1c9o15nupljv61,PHP,1,1,1667813602,0,0,false,38,,100644,,0,196608,0,normal,2839000000,2839000000,2839000000,3999000000,3999000000,,3999000000,false,29,29,29%,,,0,,,false,0,false,true,true,false,true,false,false,,false,,,,0,false,,,,,0,,false,false,Quezon City, Metro Manila,false,false,,,NVIDIA GEFORCE,4.873263,false,,,,,,false,0,,,,,item,20560703268:225359055,0,0,0,,0,,,,false,,,,,true,,,,,,false,,,,,,,0
20553211574,225359055,Asus TUF Gaming  FX517ZE-HN086W NVIDIA® GeForce RTX™ 3050 Ti 4GB with Intel Core i7-12650H Laptop,60,sg-11134201-22100-mkju50rr37iv8b,PHP,1,1,1665298866,0,0,false,26,,100644,,0,196608,0,normal,7219000000,7219000000,7219000000,8399500000,8399500000,,8399500000,false,14,14,14%,,,0,,,false,0,false,true,true,false,true,false,false,,false,,,,0,false,,,,,0,,false,false,Quezon City, Metro Manila,false,false,,,NVIDIA GEFORCE,4.873263,false,,,,,,false,0,,,,,item,20553211574:225359055,0,0,0,,0,,,,false,,,,,true,,,,,,false,,,,,,,0
20549873009,225359055,HP VICTUS 15-FA0040TX NVIDIA® GeForce RTX® 3050 Ti with Intel Core i5-12500H,61,sg-11134201-22090-mjh4u1ud5yhv42,PHP,1,1,1664263888,0,0,false,16,,100644,,0,196608,0,normal,5509000000,5509000000,5509000000,6499000000,6499000000,,6499000000,false,15,15,15%,,,0,,,false,0,false,true,true,false,true,false,false,,false,,,,0,false,,,,,0,,false,false,Quezon City, Metro Manila,false,false,,,NVIDIA GEFORCE,4.873263,false,,,,,,false,0,,,,,item,20549873009:225359055,0,0,0,,0,,,,false,,,,,true,,,,,,false,,,,,,,0
20353170155,225359055,Asus ROG Strix G15 G513RM-HF287W NVIDIA® GeForce RTX® 3060 6GB with AMD Ryzen 7 6800H Gaming Laptop,62,8851d7eab137350002484d3ebf5d52a3,PHP,1,1,1665288188,0,0,false,34,,100644,,0,196608,0,normal,9449000000,9449000000,9449000000,9999900000,9999900000,,9999900000,false,6,6,6%,,,0,,,false,0,false,true,true,false,true,false,false,,false,,,,0,false,,,,,0,,false,false,Quezon City, Metro Manila,false,false,,,NVIDIA GEFORCE,4.873263,false,,,,,,false,0,,,,,item,20353170155:225359055,0,0,0,,0,,,,false,,,,,true,,,,,,false,,,,,,,0
20053253250,225359055,Asus ROG ZEPHYRUS G14 GA401QE-K2135TS NVIDIA® GeForce RTX® 3050 Ti 4GB with AMD Ryzen 7 5800HS,63,09595ee0709474675f37a0b44f029c3e,PHP,1,1,1665307943,0,0,false,37,,100644,,0,196608,0,normal,9000000000,9000000000,9000000000,9999900000,9999900000,,9999900000,false,10,10,10%,,,0,,,false,0,false,true,true,false,true,false,false,,false,,,,0,false,,,,,0,,false,false,Quezon City, Metro Manila,false,false,,,NVIDIA GEFORCE,4.873263,false,,,,,,false,0,,,,,item,20053253250:225359055,0,0,0,,0,,,,false,,,,,true,,,,,,false,,,,,,,0
19557082358,225359055,Asus TUF GAMING F15 FX506HM-HN222W NVIDIA® GeForce RTX™ 3060 6GB with Intel Core i5 11400H Laptop,64,sg-11134201-22100-wpznajmpa2iv0c,PHP,1,1,1666574936,0,0,false,42,,100644,,0,196608,0,normal,5889000000,5889000000,5889000000,6999500000,6999500000,,6999500000,false,16,16,16%,,,0,,,false,0,false,true,true,false,true,false,false,,false,,,,0,false,,,,,0,,false,false,Quezon City, Metro Manila,false,false,,,NVIDIA GEFORCE,4.873263,false,,,,,,false,0,,,,,item,19557082358:225359055,0,0,0,,0,,,,false,,,,,true,,,,,,false,,,,,,,0
19554365480,225359055,Acer Nitro 5 AN515-46-R4W2 NVIDIA® GeForce RTX™ 3050 4GB with AMD Ryzen 5 6600H Gaming Laptop,65,6f818648b8efc4d879f2f6900774ac85,PHP,1,1,1665640926,0,0,false,3,,100644,,0,196608,0,normal,6799000000,6799000000,6799000000,7599000000,7599000000,,7599000000,false,11,11,11%,,,0,,,false,0,false,true,true,false,true,false,false,,false,,,,0,false,,,,,0,,false,false,Quezon City, Metro Manila,false,false,,,NVIDIA GEFORCE,4.873263,false,,,,,,false,0,,,,,item,19554365480:225359055,0,0,0,,0,,,,false,,,,,true,,,,,,false,,,,,,,0
19452691752,225359055,MSI PRESTIGE 14 A11SC-096PH NVIDIA® GeForce® GTX 1650 4GB with Intel  i5-1155G7 Gaming Laptop,66,sg-11134201-22100-q88njuc5fdivc0,PHP,1,1,1665131159,0,0,false,62,,100644,,0,196608,0,normal,4800000000,4800000000,4800000000,5499500000,5499500000,,5499500000,false,13,13,13%,,,0,,,false,0,false,true,true,false,true,false,false,,false,,,,0,false,,,,,0,,false,false,Quezon City, Metro Manila,false,false,,,NVIDIA GEFORCE,4.873263,false,,,,,,false,0,,,,,item,19452691752:225359055,0,0,0,,0,,,,false,,,,,true,,,,,,false,,,,,,,0
19153235106,225359055,Gigabyte G5 GE 51PH263SH NVIDIA® GeForce RTX® 3050 4GB with Intel Core i5-12500H Gaming Laptop,67,sg-11134201-22100-t76g0dtqagiv5c,PHP,1,1,1665303594,0,0,false,23,,100644,,0,196608,0,normal,5199000000,5199000000,5199000000,5799500000,5799500000,,5799500000,false,10,10,10%,,,0,,,false,0,false,true,true,false,true,false,false,,false,,,,0,false,,,,,0,,false,false,Quezon City, Metro Manila,false,false,,,NVIDIA GEFORCE,4.873263,false,,,,,,false,0,,,,,item,19153235106:225359055,0,0,0,,0,,,,false,,,,,true,,,,,,false,,,,,,,0
19153183530,225359055,HP Victus 15-FB0041AX NVIDIA® GeForce RTX® 3050 Ti 4GB with AMD Ryzen™ 7 5800H Gaming Laptop,68,sg-11134201-22110-2lgimg8hkwjv84,PHP,1,1,1665291833,0,0,false,43,,100644,,0,196608,0,normal,6149000000,6149000000,6149000000,7299000000,7299000000,,7299000000,false,16,16,16%,,,0,,,false,0,false,true,true,false,true,false,false,,false,,,,0,false,,,,,0,,false,false,Quezon City, Metro Manila,false,false,,,NVIDIA GEFORCE,4.873263,false,,,,,,false,0,,,,,item,19153183530:225359055,0,0,0,,0,,,,false,,,,,true,,,,,,false,,,,,,,0
18553173907,225359055,Asus TUF GAMING A15 FA507RC-HN022W NVIDIA® GeForce RTX® 3050 4GB with AMD Ryzen 7 6800H Laptop,69,8d82a9ab2d53cd53b1b4c696975b1e27,PHP,1,1,1665288724,0,0,false,4,,100644,,0,196608,0,normal,6149000000,6149000000,6149000000,7299500000,7299500000,,7299500000,false,16,16,16%,,,0,,,false,0,false,true,true,false,true,false,false,,false,,,,0,false,,,,,0,,false,false,Quezon City, Metro Manila,false,false,,,NVIDIA GEFORCE,4.873263,false,,,,,,false,0,,,,,item,18553173907:225359055,0,0,0,,0,,,,false,,,,,true,,,,,,false,,,,,,,0
18453957678,225359055,Asus TUF TUF GAMING F15 FX506HE-HN310W NVIDIA® GeForce RTX® 3050 Ti 4GB with Intel Core i5-11400H,70,sg-11134201-22100-xl5o496c9jiv47,PHP,1,1,1665541736,0,0,false,16,,100644,,0,196608,0,normal,5529000000,5529000000,5529000000,6799500000,6799500000,,6799500000,false,19,19,19%,,,0,,,false,0,false,true,true,false,true,false,false,,false,,,,0,false,,,,,0,,false,false,Quezon City, Metro Manila,false,false,,,NVIDIA GEFORCE,4.873263,false,,,,,,false,0,,,,,item,18453957678:225359055,0,0,0,,0,,,,false,,,,,true,,,,,,false,,,,,,,0
18443747798,225359055,Rapoo X120 Pro Wired Keyboard & Mouse - Free Gift Not for Sale,71,91b594a031155ad6cd0c901f11972670,PHP,5,1,1662631776,0,0,false,1,,100644,,0,196608,0,normal,100000000,100000000,100000000,-1,-1,,0,false,0,0,,,,0,,,false,0,false,true,true,false,true,false,false,,false,,,,0,false,,,,,0,,false,false,Quezon City, Metro Manila,false,false,,,NVIDIA GEFORCE,4.873263,false,,,,,,false,0,,,,,item,18443747798:225359055,0,0,0,,0,,,,false,,,,,true,,,,,,false,,,,,,,0
18442435419,225359055,Asus TUF Gaming NVIDIA® GeForce RTX® 3080 Ti OC Edition 12GB GDDR6X Graphic Cards,72,4df2daeff4a74cd665b04825a503c1a2,PHP,1,1,1662370508,0,0,false,27,,100644,,0,0,0,normal,7239000000,7239000000,7239000000,8999000000,8999000000,,8999000000,false,20,20,20%,,,0,,,false,0,false,true,true,false,true,false,false,,false,,,,0,false,,,,,0,,false,false,Quezon City, Metro Manila,false,false,,,NVIDIA GEFORCE,4.873263,false,,,,,,false,0,,,,,item,18442435419:225359055,0,0,0,,0,,,,false,,,,,true,,,,,,false,,,,,,,0
18252726583,225359055,Asus TUF GAMING A17 FA707RC-HX010W  NVIDIA® GeForce RTX® 3050 4GB with AMD Ryzen 7 6800H Laptop,73,sg-11134201-22100-9uftl96xidiv94,PHP,1,1,1665137346,0,0,false,4,,100644,,0,196608,0,normal,6779000000,6779000000,6779000000,8199500000,8199500000,,8199500000,false,17,17,17%,,,0,,,false,0,false,true,true,false,true,false,false,,false,,,,0,false,,,,,0,,false,false,Quezon City, Metro Manila,false,false,,,NVIDIA GEFORCE,4.873263,false,,,,,,false,0,,,,,item,18252726583:225359055,0,0,0,,0,,,,false,,,,,true,,,,,,false,,,,,,,0
18037224870,225359055,Aula F2088 Mechanical Keyboard Wired with Wrist Rest White - Free Item Not For Sale,74,4e36a21ca87180d52f60eba4278696b8,PHP,1,1,1661159343,0,2,false,3,,100644,,1,196608,0,normal,999900000,999900000,999900000,-1,-1,,0,false,0,0,,,,0,,,false,0,false,true,true,false,true,false,false,,false,,,,0,false,,,,,0,,false,false,Quezon City, Metro Manila,false,false,,,NVIDIA GEFORCE,4.873263,false,,,,,,false,0,,,,,item,18037224870:225359055,0,0,0,,0,,,,false,,,,,true,,,,,,false,,,,,,,0
17788116986,225359055,Lenovo IdeaPad Gaming 3 15ACH6 82K20037PH NVIDIA® GeForce RTX™ 3060 6GB with AMD Ryzen 7 5800H,75,sg-11134201-22100-ydq5jq0b37ivcd,PHP,1,1,1666314581,0,0,false,21,,100644,,0,196608,0,normal,6349000000,6349000000,6349000000,6999500000,6999500000,,6999500000,false,9,9,9%,,,0,,,false,0,false,true,true,false,true,false,false,,false,,,,0,false,,,,,0,,false,false,Quezon City, Metro Manila,false,false,,,NVIDIA GEFORCE,4.873263,false,,,,,,false,0,,,,,item,17788116986:225359055,0,0,0,,0,,,,false,,,,,true,,,,,,false,,,,,,,0
17720442710,225359055,MSI GF63 Thin 11UD-243PH NVIDIA® GeForce RTX® 3050 Ti 4GB with Intel Core i5-11400H Gaming Laptop,76,sg-11134201-22100-152eu2ew79hv0f,PHP,2,1,1646708888,0,0,false,3,,100644,,0,0,0,normal,5849000000,5849000000,5849000000,6099500000,6099500000,,6099500000,false,4,4,4%,,,0,,,false,0,false,true,true,false,true,false,false,,false,,,,0,false,,,,,0,,false,false,Quezon City, Metro Manila,false,false,,,NVIDIA GEFORCE,4.873263,false,,,,,,false,0,,,,,item,17720442710:225359055,0,0,0,,0,,,,false,,,,,false,,,,,,false,,,,,,,0
16787562725,225359055,Acer Nitro 5 AN515-58-50YE NVIDIA® GeForce RTX™ 3050 4GB with Intel Core i5-12500H Gaming Laptop,77,sg-11134201-22100-2cs1mp7muliv42,PHP,1,1,1665639665,0,0,false,33,,100644,,0,196608,0,normal,5499900000,5499900000,5499900000,-1,-1,,0,false,0,0,,,,0,,,false,0,false,true,true,false,true,false,false,,false,,,,0,false,,,,,0,,false,false,Quezon City, Metro Manila,false,false,,,NVIDIA GEFORCE,4.873263,false,,,,,,false,0,,,,,item,16787562725:225359055,0,0,0,,0,,,,false,,,,,true,,,,,,false,,,,,,,0
16320411252,225359055,MSI GF63 Thin 11UD-022PH NVIDIA® GeForce RTX® 3050 Ti with Intel Core i7-11800H Gaming Laptop,78,sg-11134201-22100-5ry32mxg79hv6d,PHP,1,1,1646705350,0,0,false,12,,100644,,0,0,0,normal,6400000000,6400000000,6400000000,6699500000,6699500000,,6699500000,false,4,4,4%,,,0,,,false,0,false,true,true,false,true,false,false,,false,,,,0,false,,,,,0,,false,false,Quezon City, Metro Manila,false,false,,,NVIDIA GEFORCE,4.873263,false,,,,,,false,0,,,,,item,16320411252:225359055,0,0,0,,0,,,,false,,,,,false,,,,,,false,,,,,,,0
16187247739,225359055,Asus TUF GAMING A15 FA507RE-HN014W NVIDIA® GeForce RTX® 3050 Ti  4GB with AMD Ryzen 7 6800H Laptop,79,sg-11134201-22100-kwwsxp2u5fiv6f,PHP,1,1,1665293967,0,0,false,9,,100644,,0,196608,0,normal,6329000000,6329000000,6329000000,7799500000,7799500000,,7799500000,false,19,19,19%,,,0,,,false,0,false,true,true,false,true,false,false,,false,,,,0,false,,,,,0,,false,false,Quezon City, Metro Manila,false,false,,,NVIDIA GEFORCE,4.873263,false,,,,,,false,0,,,,,item,16187247739:225359055,0,0,0,,0,,,,false,,,,,true,,,,,,false,,,,,,,0
15293743679,225359055,Acer Nitro 5 AN515-58-78A6 NVIDIA® GeForce RTX® 3060 6GB with Intel Core i7-12700H Gaming Laptop,80,d33a68795e277763bc156c0fa75c74ce,PHP,1,1,1665305126,0,0,false,18,,100644,,0,196608,0,normal,8140000000,8140000000,8140000000,8999900000,8999900000,,8999900000,false,10,10,10%,,,0,,,false,0,false,true,true,false,true,false,false,,false,,,,0,false,,,,,0,,false,false,Quezon City, Metro Manila,false,false,,,NVIDIA GEFORCE,4.873263,false,,,,,,false,0,,,,,item,15293743679:225359055,0,0,0,,0,,,,false,,,,,true,,,,,,false,,,,,,,0
13597538506,225359055,Palit NVIDIA® GeForce RTX® 4080 GameRock 16GB GDDR6X 256bit Graphic Card,81,sg-11134201-22120-i37gle9g8elva5,PHP,1,1,1668587448,0,0,false,14,,100644,,0,196608,0,normal,9299000000,9299000000,9299000000,9499000000,9499000000,,9499000000,false,2,2,2%,,,0,,,false,0,false,true,true,false,true,false,false,,false,,,,0,false,,,,,0,,false,false,Quezon City, Metro Manila,false,false,,,NVIDIA GEFORCE,4.873263,false,,,,,,false,0,,,,,item,13597538506:225359055,0,0,0,,0,,,,false,,,,,true,,,,,,false,,,,,,,0
13422101864,225359055,MSI GF65 Thin 10UE-223PH NVIDIA® GeForce RTX® 3060 6GB with Intel Core i5-10200H,82,c140b012428af0dc68d95f68997d512c,PHP,1,1,1633413324,0,0,false,109,,100644,,0,0,0,normal,5749000000,5749000000,5749000000,6399500000,6399500000,,6399500000,false,10,10,10%,,,0,,,false,0,false,true,true,false,true,false,false,,false,,,,0,false,,,,,0,,false,false,Quezon City, Metro Manila,false,false,,,NVIDIA GEFORCE,4.873263,false,,,,,,false,0,,,,,item,13422101864:225359055,0,0,0,,0,,,,false,,,,,false,,,,,,false,,,,,,,0
13197379443,225359055,Asus TUF Gaming F15 FX507ZM-HN159W NVIDIA® GeForce RTX™ 3060 6GB with Intel Core i7-12700H Laptop,83,sg-11134201-22110-8zk0r8jcehjvd0,PHP,1,1,1667549466,0,0,false,14,,100644,,0,196608,0,normal,7669000000,7669000000,7669000000,9299500000,9299500000,,9299500000,false,18,18,18%,,,0,,,false,0,false,true,true,false,true,false,false,,false,,,,0,false,,,,,0,,false,false,Quezon City, Metro Manila,false,false,,,NVIDIA GEFORCE,4.873263,false,,,,,,false,0,,,,,item,13197379443:225359055,0,0,0,,0,,,,false,,,,,true,,,,,,false,,,,,,,0
12996935136,225359055,Lenovo IdeaPad Gaming 3 15ACH6 NVIDIA® GeForce RTX® 3060 6GB with AMD Ryzen 7 5800H Gaming Laptop,84,061252fec6b8738af73e41c8bd1cc0dc,PHP,1,1,1665287846,0,0,false,13,,100644,,0,196608,0,normal,6529000000,6529000000,6529000000,7099500000,7099500000,,7099500000,false,8,8,8%,,,0,,,false,0,false,true,true,false,true,false,false,,false,,,,0,false,,,,,0,,false,false,Quezon City, Metro Manila,false,false,,,NVIDIA GEFORCE,4.873263,false,,,,,,false,0,,,,,item,12996935136:225359055,0,0,0,,0,,,,false,,,,,true,,,,,,false,,,,,,,0
10191536225,225359055,Colorful NVIDIA® GeForce RTX® 3050 8GB NB Duo GDDR6 Graphic Card,85,4dd9edc5b6e11b1cae8a5160c2823bd7,PHP,9,1,1648703196,0,4,false,115,,100644,,2,0,0,normal,1835000000,1835000000,1835000000,2129000000,2129000000,,2129000000,false,14,14,14%,,,0,,,false,0,false,true,true,false,true,false,false,,false,,,,0,false,,,,,0,,false,false,Quezon City, Metro Manila,false,false,,,NVIDIA GEFORCE,4.873263,false,,,,,,false,0,,,,,item,10191536225:225359055,0,0,0,,0,,,,false,,,,,false,,,,,,false,,,,,,,0
